"0","glimpse(study)"
"1","Rows: 20"
"1",""
"1","
"
"1","Columns: 8"
"1",""
"1","
"
"1","$ id      [3m[38;5;246m<chr>[39m[23m ""1001"", ""1002"", NA, ""1004"", ""1005"", ""1006"", ""1007"", ""1008"", ""1009"", ""1010"", ""1011"", ""1012"",â€¦
$ sex     [3m[38;5;246m<fct>[39m[23m Female, Female, Female, NA, Female, Male, Male, Male, Female, Female, Male, Male, Male, Femâ€¦
$ date    [3m[38;5;246m<date>[39m[23m 2021-10-12, 2021-09-23, 2021-10-13, 2021-10-19, NA, 2021-10-10, 2021-09-21, 2021-10-26, 20â€¦
$ time    [3m[38;5;246m<time>[39m[23m 08:56:40, 13:26:09, 09:24:22, 08:37:26, 09:20:59, 11:14:52, 12:40:06, 13:46:52, 10:25:26, â€¦
$ days    [3m[38;5;246m<int>[39m[23m 3, 15, 21, 5, 8, NA, 10, 18, 10, 12, 2, 10, 12, 20, 14, 17, 14, 3, 8, 14
$ height  [3m[38;5;246m<dbl>[39m[23m 81.25571, 68.15227, 58.79282, 72.81303, 69.61109, 71.05764, NA, 67.29340, 77.44377, 68.7951â€¦
$ likert  [3m[38;5;246m<int>[39m[23m 5, 3, 4, 4, 1, 4, 1, 3, 4, 3, 5, 4, 4, 4, 1, 2, 3, 4, 3, 1
$ outcome [3m[38;5;246m<lgl>[39m[23m TRUE, FALSE, FALSE, TRUE, TRUE, FALSE, TRUE, TRUE, FALSE, FALSE, TRUE, FALSE, FALSE, FALSE,â€¦"
"1",""
"1","
"
